{
  "naive": {
    "formula": "completed ~ C(intended_star)",
    "coefficients": {
      "Intercept": {
        "coef": 0.6816445375592247,
        "std_err": 0.032807456203630854,
        "ci_low": 0.6173431049757331,
        "ci_high": 0.7459459701427164,
        "p_value": 6.971367921815838e-96
      },
      "C(intended_star)[T.2]": {
        "coef": -0.3969677265729068,
        "std_err": 0.0488963272160462,
        "ci_low": -0.492802766892643,
        "ci_high": -0.3011326862531706,
        "p_value": 4.717506293053133e-16
      },
      "C(intended_star)[T.3]": {
        "coef": -0.401854276077409,
        "std_err": 0.045412109763561685,
        "ci_low": -0.49086037567596963,
        "ci_high": -0.3128481764788483,
        "p_value": 8.826313690483252e-19
      },
      "C(intended_star)[T.4]": {
        "coef": -0.151003147532799,
        "std_err": 0.03782964210349991,
        "ci_low": -0.22514788360369886,
        "ci_high": -0.07685841146189913,
        "p_value": 6.561182436496852e-05
      },
      "C(intended_star)[T.5]": {
        "coef": 0.12033879628394328,
        "std_err": 0.03470571874699383,
        "ci_low": 0.05231683748225881,
        "ci_high": 0.18836075508562777,
        "p_value": 0.0005255086950863277
      }
    },
    "pseudo_r2": 0.005904416553969227,
    "aic": 76336.77693865781,
    "log_likelihood": -38163.38846932891,
    "n": 60000,
    "star_curve": {
      "1": 0.6641056422569032,
      "2": 0.5706924315619969,
      "3": 0.5694948029973412,
      "4": 0.6296326935804101,
      "5": 0.6903985755375974
    }
  },
  "adjusted_categorical": {
    "formula": "completed ~ C(intended_star) + user_experience_z + device_mobile + session_prompted + user_is_elite + biz_logreviews_c + C(business_category)",
    "coefficients": {
      "Intercept": {
        "coef": 1.0134613039836178,
        "std_err": 0.04601107248154,
        "ci_low": 0.9232812590297375,
        "ci_high": 1.103641348937498,
        "p_value": 1.6062872049980842e-107
      },
      "C(intended_star)[T.2]": {
        "coef": -0.5863160886891303,
        "std_err": 0.0517570113089309,
        "ci_low": -0.6877579668020671,
        "ci_high": -0.4848742105761935,
        "p_value": 9.509128174964995e-30
      },
      "C(intended_star)[T.3]": {
        "coef": -0.8232382851112674,
        "std_err": 0.048589554309110314,
        "ci_low": -0.9184720615819766,
        "ci_high": -0.7280045086405582,
        "p_value": 2.1788711318697178e-64
      },
      "C(intended_star)[T.4]": {
        "coef": -0.590748313582395,
        "std_err": 0.040497517559611264,
        "ci_low": -0.6701219894625114,
        "ci_high": -0.5113746377022785,
        "p_value": 3.3846230297140226e-48
      },
      "C(intended_star)[T.5]": {
        "coef": 0.01481160198155776,
        "std_err": 0.0365163397070155,
        "ci_low": -0.05675910869142252,
        "ci_high": 0.08638231265453804,
        "p_value": 0.6850249653140253
      },
      "C(business_category)[T.health]": {
        "coef": -0.03298957333732326,
        "std_err": 0.04191707967884768,
        "ci_low": -0.1151455398449605,
        "ci_high": 0.049166393170313974,
        "p_value": 0.43127025216654225
      },
      "C(business_category)[T.nightlife]": {
        "coef": -0.0847156029303087,
        "std_err": 0.03812037932442747,
        "ci_low": -0.15943017348319186,
        "ci_high": -0.010001032377425556,
        "p_value": 0.02626182645374486
      },
      "C(business_category)[T.restaurants]": {
        "coef": 0.03328445411769295,
        "std_err": 0.03150970114383467,
        "ci_low": -0.028473425287843544,
        "ci_high": 0.09504233352322944,
        "p_value": 0.290820206530499
      },
      "C(business_category)[T.services]": {
        "coef": -0.15618849230989187,
        "std_err": 0.03670970858823821,
        "ci_low": -0.22813819902579946,
        "ci_high": -0.08423878559398428,
        "p_value": 2.093372505730741e-05
      },
      "C(business_category)[T.shopping]": {
        "coef": -0.08547831825781746,
        "std_err": 0.0341332526219546,
        "ci_low": -0.15237826407205585,
        "ci_high": -0.018578372443579072,
        "p_value": 0.01227100693141526
      },
      "user_experience_z": {
        "coef": 0.45189761794762373,
        "std_err": 0.010664980281009713,
        "ci_low": 0.43099464070101484,
        "ci_high": 0.4728005951942326,
        "p_value": 0.0
      },
      "device_mobile": {
        "coef": -0.687813003469801,
        "std_err": 0.01975351028377597,
        "ci_low": -0.7265291721942435,
        "ci_high": -0.6490968347453585,
        "p_value": 1.2207875675636379e-265
      },
      "session_prompted": {
        "coef": 0.8457653056534402,
        "std_err": 0.01934185506266437,
        "ci_low": 0.8078559663364243,
        "ci_high": 0.8836746449704561,
        "p_value": 0.0
      },
      "user_is_elite": {
        "coef": 0.2825216279176316,
        "std_err": 0.033766877949445544,
        "ci_low": 0.21633976326635862,
        "ci_high": 0.34870349256890454,
        "p_value": 5.919047542834333e-17
      },
      "biz_logreviews_c": {
        "coef": 0.059846488632729435,
        "std_err": 0.010129654870594704,
        "ci_low": 0.039992729910543076,
        "ci_high": 0.07970024735491579,
        "p_value": 3.461848639785245e-09
      }
    },
    "pseudo_r2": 0.09051043159247174,
    "aic": 69860.7170576483,
    "log_likelihood": -34915.35852882415,
    "n": 60000,
    "star_curve": {
      "1": 0.7002870820409007,
      "2": 0.5808979301780146,
      "3": 0.529381191765011,
      "4": 0.5799445216524176,
      "5": 0.7030763896892759
    },
    "average_marginal_effects": {
      "C(intended_star)[T.2]": {
        "dydx": -0.11664507095974427,
        "std_err": 0.010257262216467725,
        "p_value": 5.768441757462617e-30
      },
      "C(intended_star)[T.3]": {
        "dydx": -0.16377972570780927,
        "std_err": 0.009584245811552351,
        "p_value": 1.8097720781965648e-65
      },
      "C(intended_star)[T.4]": {
        "dydx": -0.11752684309112207,
        "std_err": 0.008006538385822609,
        "p_value": 8.806057814770799e-49
      },
      "C(intended_star)[T.5]": {
        "dydx": 0.0029467046828427,
        "std_err": 0.007264742458512998,
        "p_value": 0.6850238699306366
      },
      "C(business_category)[T.health]": {
        "dydx": -0.006563134113319489,
        "std_err": 0.008339071894739664,
        "p_value": 0.4312618926860149
      },
      "C(business_category)[T.nightlife]": {
        "dydx": -0.016853805832441893,
        "std_err": 0.0075828102337807315,
        "p_value": 0.026240543103342177
      },
      "C(business_category)[T.restaurants]": {
        "dydx": 0.006621799379742384,
        "std_err": 0.006268525208011656,
        "p_value": 0.2908052238890816
      },
      "C(business_category)[T.services]": {
        "dydx": -0.031073030605923792,
        "std_err": 0.00729936793732928,
        "p_value": 2.072364228333179e-05
      },
      "C(business_category)[T.shopping]": {
        "dydx": -0.01700554477533566,
        "std_err": 0.006789398110153984,
        "p_value": 0.01225481846309086
      },
      "user_experience_z": {
        "dydx": 0.08990309276672029,
        "std_err": 0.002011454898345261,
        "p_value": 0.0
      },
      "device_mobile": {
        "dydx": -0.13683744680475318,
        "std_err": 0.0037894591232858848,
        "p_value": 1.5790641164369152e-285
      },
      "session_prompted": {
        "dydx": 0.1682613798195501,
        "std_err": 0.0036290040518956192,
        "p_value": 0.0
      },
      "user_is_elite": {
        "dydx": 0.05620646605450246,
        "std_err": 0.006706311988224192,
        "p_value": 5.242239554245349e-17
      },
      "biz_logreviews_c": {
        "dydx": 0.011906202214003112,
        "std_err": 0.002013213747939502,
        "p_value": 3.3384135918428748e-09
      }
    }
  },