{
  "ols_naive": {
    "formula": "log_length ~ C(intended_star)",
    "coefficients": {
      "Intercept": {
        "coef": 3.811653984666317,
        "std_err": 0.00980468043163546,
        "ci_low": 3.7924365782889815,
        "ci_high": 3.8308713910436527,
        "p_value": 0.0
      },
      "C(intended_star)[T.2]": {
        "coef": 0.3144812608615995,
        "std_err": 0.01569039330728274,
        "ci_low": 0.2837277175402513,
        "ci_high": 0.3452348041829477,
        "p_value": 6.417566859971674e-89
      },
      "C(intended_star)[T.3]": {
        "coef": 0.45746562161203086,
        "std_err": 0.01445658077327259,
        "ci_low": 0.42913038014405247,
        "ci_high": 0.48580086308000925,
        "p_value": 4.6035067679370854e-217
      },
      "C(intended_star)[T.4]": {
        "coef": 0.3969916168189711,
        "std_err": 0.011448497416606005,
        "ci_low": 0.3745522901322069,
        "ci_high": 0.4194309435057353,
        "p_value": 1.3678058478276992e-259
      },
      "C(intended_star)[T.5]": {
        "coef": 0.04917276667102506,
        "std_err": 0.0103287030782667,
        "ci_low": 0.028928263467693494,
        "ci_high": 0.06941726987435663,
        "p_value": 1.9351730113672787e-06
      }
    },
    "r2": 0.0907233865670809,
    "n": 39708,
    "star_curve_words": {
      "1": 45.22517879218814,
      "2": 61.93808428630405,
      "3": 71.4586961300887,
      "4": 67.26537396402104,
      "5": 47.50460963775216
    }
  },
  "ols_adjusted_categorical": {
    "formula": "log_length ~ C(intended_star) + user_experience_z + device_mobile + session_prompted + user_is_elite + biz_logreviews_c + C(business_category)",
    "coefficients": {
      "Intercept": {
        "coef": 3.8430677988325472,
        "std_err": 0.011397176270304546,
        "ci_low": 3.820729062639158,
        "ci_high": 3.8654065350259366,
        "p_value": 0.0
      },
      "C(intended_star)[T.2]": {
        "coef": 0.24905440910169094,
        "std_err": 0.013895399562740678,
        "ci_low": 0.22181909591779594,
        "ci_high": 0.2762897222855859,
        "p_value": 1.481256490966122e-71
      },
      "C(intended_star)[T.3]": {
        "coef": 0.31298719849881035,
        "std_err": 0.012886760986770477,
        "ci_low": 0.2877288408808112,
        "ci_high": 0.3382455561168095,
        "p_value": 2.3448003422828307e-129
      },
      "C(intended_star)[T.4]": {
        "coef": 0.24750370664411783,
        "std_err": 0.010272036672435285,
        "ci_low": 0.22737027078665695,
        "ci_high": 0.2676371425015787,
        "p_value": 2.331093530114655e-127
      },
      "C(intended_star)[T.5]": {
        "coef": 0.013549854192579383,
        "std_err": 0.00914681776376243,
        "ci_low": -0.004378125877894309,
        "ci_high": 0.031477834263053076,
        "p_value": 0.1385149884008789
      },
      "C(business_category)[T.health]": {
        "coef": 0.09720608108371642,
        "std_err": 0.010421550918480233,
        "ci_low": 0.07677959375277313,
        "ci_high": 0.11763256841465972,
        "p_value": 1.1390252706367165e-20
      },
      "C(business_category)[T.nightlife]": {
        "coef": 0.08003444873072157,
        "std_err": 0.009533621807902806,
        "ci_low": 0.061348323546435664,
        "ci_high": 0.09872057391500749,
        "p_value": 4.812366047232927e-17
      },
      "C(business_category)[T.restaurants]": {
        "coef": 0.2631711059890578,
        "std_err": 0.007764427818544658,
        "ci_low": 0.24795264304547754,
        "ci_high": 0.27838956893263805,
        "p_value": 2.8401342717941863e-248
      },
      "C(business_category)[T.services]": {
        "coef": -0.05807415369376283,
        "std_err": 0.009242637185098332,
        "ci_low": -0.07618994210593981,
        "ci_high": -0.03995836528158585,
        "p_value": 3.349182873129276e-10
      },
      "C(business_category)[T.shopping]": {
        "coef": -0.0038190845929991796,
        "std_err": 0.00850306808014067,
        "ci_low": -0.020485299993352524,
        "ci_high": 0.012847130807354163,
        "p_value": 0.6533317112175531
      },
      "user_experience_z": {
        "coef": 0.1551664335230558,
        "std_err": 0.0024681026669756295,
        "ci_low": 0.15032889367387212,
        "ci_high": 0.1600039733722395,
        "p_value": 0.0
      },
      "device_mobile": {
        "coef": -0.24250830285143793,
        "std_err": 0.004732263157312391,
        "ci_low": -0.2517836510395968,
        "ci_high": -0.23323295466327904,
        "p_value": 0.0
      },
      "session_prompted": {
        "coef": 0.056787804399964364,
        "std_err": 0.004743007340184964,
        "ci_low": 0.047491397358181406,
        "ci_high": 0.06608421144174732,
        "p_value": 5.613195114622564e-33
      },
      "user_is_elite": {
        "coef": 0.11527146008353742,
        "std_err": 0.007141820639797972,
        "ci_low": 0.10127332199834956,
        "ci_high": 0.12926959816872527,
        "p_value": 2.039025765768129e-58
      },
      "biz_logreviews_c": {
        "coef": -0.0014033218166546865,
        "std_err": 0.0025217344552648626,
        "ci_low": -0.006345981244737451,
        "ci_high": 0.0035393376114280783,
        "p_value": 0.5778785754690395
      }
    },
    "r2": 0.2892516955149145,
    "n": 39708,
    "star_curve_words": {
      "1": 49.67225387123179,
      "2": 63.72015478000959,
      "3": 67.9270070903508,
      "4": 63.62142035303992,
      "5": 50.34988621064025
    }
  },
  "ols_adjusted_quadratic": {
    "formula": "log_length ~ star_u + user_experience_z + device_mobile + session_prompted + user_is_elite + biz_logreviews_c + C(business_category)",
    "star_u_coef": -0.07739120242604008,
    "star_u_ci": [
      -0.08050996305328054,
      -0.07427244179879963
    ],
    "r2": 0.28918739565468066
  },
  "ols_naive_quadratic": {
    "formula": "log_length ~ star_u",
    "star_u_coef": -0.10934953858319403,
    "star_u_ci": [
      -0.11278700829798637,
      -0.1059120688684017
    ]
  },
  "negbin_adjusted_quadratic": {
    "formula": "review_length ~ star_u + user_experience_z + device_mobile + session_prompted + user_is_elite + biz_logreviews_c + C(business_category) (NegativeBinomial, log link)",
    "star_u_coef": -0.07680006042661916,
    "star_u_ci": [
      -0.07971828699116185,
      -0.07388183386207647
    ],
    "aic": 363081.31801490334,
    "star_curve_words": {
      "1": 55.406014154164694,
      "2": 69.76192179446511,
      "3": 75.3307477646567,
      "4": 69.76192179446511,
      "5": 55.406014154164694
    }
  }
}